insert into tb_usuario (usuario, senha, data_criacao, data_ultima_atualizacao, ativo) 
values ('alice_87', 'saturno8', '2023-05-13 12:30:06', NULL, 1),
('marioyeager1', 'fy2000at', '2023-02-08 14:37:15', NULL, 1),
('taty_japa', 'av0vo4ma', '2023-05-23 13:13:20', NULL, 1),
('joao_silva', 'pqjoao45', '2023-10-15 08:30:03', NULL, 1),
('marialima', 'pluto134', '2023-09-20 12:45:01', NULL, 1),
('leticia567', 'leti1234', '2023-06-18 09:05:30', NULL, 1),
('ana_bllue', 'bluepass', '2023-11-12 15:30:17', NULL, 1),
('soturn0s', 'bilbo546', '2023-04-10 18:20:50', NULL, 1),
('albertomatos', 'tthe1975', '2023-03-20 12:12:45', NULL, 1),
('william_afton', 'puppet87', '2023-02-28 09:45:33', NULL, 1);


insert into tb_endereco (cep, tipo_logradouro, logradouro, bairro, cidade, uf)
values ('44056232', 'Avenida', 'Av. Francisco Fraga Maia', 'Mangabeira', 'Feira de Santana', 'BA'),
('44001192', 'Avenida', 'Avenida Getúlio Vargas', 'Centro', 'Feira de Santana', 'BA'),
('44052004', 'Avenida', 'Avenida Governador João Durval Carneiro', 'Caseb', 'Feira de Santana', 'BA'),
('44006344', 'Caminho', 'Caminho F XVIII', 'Muchila', 'Feira de Santana', 'BA'),
('44006430', 'Caminho', 'Caminho G XIV', 'Muchila', 'Feira de Santana', 'BA'),
('44067162', 'Rua', 'Rua Acotirene', 'Conceição', 'Feira de Santana', 'BA'),
('44056344', 'Rua', 'Rua Oriximiná', 'Mangabeira', 'Feira de Santana', 'BA'),
('44021185', 'Rua', 'Rua Belmonte', 'Sobradinho', 'Feira de Santana', 'BA'),
('44091548', 'Caminho', 'Caminho 14', 'Tomba', 'Feira de Santana', 'BA'),
('44023468', 'Rua', 'Augusto dos Anjos', 'Rua Nova', 'Feira de Santana', 'BA');

insert into tb_categoria_estabelecimento (nome)
values ('Pizzaria'), 
('Lanches'), 
('Frutos do Mar'), 
('Sushi'), 
('Cafeteria'), 
('Churrascaria'), 
('Comida Chinesa'), 
('Confeitaria'), 
('Saudável'), 
('Espetinhos'), 
('Internacional'), 
('Bistrô');

insert into tb_dias_semana (nome)
values ('Segunda-Feira'),
('Terça-Feira'),
('Quarta-Feira'),
('Quinta-Feira'),
('Sexta-Feira'),
('Sábado'),
('Domingo');

insert into tb_categoria_cardapio (nome)
values ('Entradas'),
('Pratos Principais'),
('Tortas'),
('Vegetariano/Vegano'),
('Sanduíches'),
('Pizzas'),
('Hambúrgueres'),
('Saladas'),
('Sobremesas'),
('Cafés'),
('Bebidas'),
('Espetinhos'),
('Petiscos'),
('Sushis'),
('Temakis'),
('Hot Rolls'),
('Yakisoba'),
('Adicionais');

insert into tb_categoria_item (nome)
values ('Executivo'),
('Sobremesa'),
('Pizza'),
('Saladas'),
('Entrada'),
('Aperetivos'),
('Massas'),
('Fruto do Mar'),
('Sushi'),
('Vegetariano'),
('Vegano'),
('Bebida Gelada'),
('Bebida Quente');

insert into tb_voucher (codigo_promo, valor, porcentagem, tipo_voucher, data_inicio, data_fim, descricao, quantidade)
values ('DESC10OFF', 10.00, NULL, 1, '2023-11-01 00:00:00', '2023-11-19 23:59:59', 'Desconto de R$10,00', 100),
('FREESHIP', NULL, NULL, 0, '2023-11-05 08:02:00', '2023-11-14 08:02:00', 'Frete Grátis', 200),
('BEMVINDO15', 15.00, NULL, 1, '2023-11-04 05:00:00', '2023-11-13 05:05:00', 'Boas-vindas - R$15,00 OFF', 75),
('CUPOM5', 5.00, NULL, 1, '2023-12-09 07:14:00', '2023-11-19 07:14:00', 'Cupom de Desconto - R$5,00 OFF', 150),
('BLACKFRIDAY', NULL, 5.00, 1, '2023-11-25 09:10:00', '2023-11-30 09:11:00', 'Black Friday - Desconto de 50%', 20),
('SUPEROFERTA', NULL, 5.00, 1, '2023-11-22 00:00:00', '2023-11-23 03:04:00', 'Super Oferta - Desconto de 50%', 10),
('PRIMEIRAENTREGA', NULL, 5.00, 1, '2023-11-15 14:14:00', '2023-11-15 23:59:59', 'Desconto de 15% na Primeira Entrega', 150),
('FRETEGRATIS20', NULL, NULL, 0, '2023-11-06 00:00:00', '2023-11-20 23:59:59', 'Frete Grátis em Pedidos Acima de R$50,00', 100),
('DELIVERY10', 10.00, NULL, 1, '2023-11-26 00:00:00', '2023-11-28 23:59:59', 'Desconto de R$10,00 em Pedidos Delivery', 200),
('BURGERSPECIAL', NULL, 2.00, 1, '2023-11-04 00:00:00', '2023-11-10 23:59:59', 'Especial de Hambúrguer - Desconto de 20%', 80);

insert into tb_status (nome, status_anterior, status_proximo) 
values ('Pendente', NULL, NULL),
('Confirmado', NULL, NULL),
('Em Preparo', NULL, NULL),
('Pronto', NULL, NULL),
('A Caminho', NULL, NULL),
('Entregue', NULL, NULL), 
('Rejeitado', NULL, NULL),  
('Devolvido', NULL, NULL),
('Finalizado', NULL, NULL),
('Cancelado', NULL, NULL);     

insert into tb_cliente (usuario, cpf, rg, pre_nome, sobrenome, sexo, data_nascimento)
values ('alice_87', '19845632701', '987210654', 'Alice', 'Silva', 'F', '2000-05-15'),
('marioyeager1', '98723056401', '123786594', 'Mário', 'Pires', 'M', '1990-12-02'),
('taty_japa', '45689012401', '785613249', 'Tatiane', 'Batista', 'F', '1987-05-03'),
('joao_silva', '78950213401', '654219783', 'João', 'Silva', 'M', '1995-03-10'),
('marialima', '23456790821', '123765890', 'Maria', 'Lima', 'F', '1988-07-21'),
('leticia567', '87654320112', '890453210', 'Letícia', 'Santos', 'F', '1991-02-28'),
('ana_bllue', '56032198704', '321809675', 'Ana', 'Magalhães', 'F', '2004-11-05'),
('soturn0s', '89123045601', '234809156', 'Hiago', 'Dantas', 'M', '1996-08-15'),
('albertomatos', '34567890421', '901423567', 'Alberto', 'Matos', 'M', '2003-04-03'),
('william_afton', '65430921823', '890612345', 'William', 'Macedo', 'M', '1992-07-17');

insert into tb_cartao (cliente_id, numero, nome, validade, cvv) 
values (1, '5298307443924170', 'Alice Silva', '12/29', '546'),
(2, '4025984061573218', 'Mário Pires', '08/28', '712'),
(3, '5860473210958362', 'Tatiane Batista', '05/29', '943'),
(4, '7890612345678901', 'João Silva', '11/30', '215'),
(5, '6578943212345678', 'Maria Lima', '03/28', '879'),
(6, '1234876532109876', 'Letícia Santos', '09/29', '345'),
(7, '5603560356035603', 'Ana Magalhães', '06/31', '573'),
(8, '8912345678901234', 'Hiago Dantas', '02/29', '678'),
(9, '3456789123456789', 'Alberto Matos', '04/28', '901'),
(10, '6543210987654321', 'William Macedo', '07/30', '234'),
(1, '5298307443924170', 'Alice Silva', '12/29', '546'),
(3, '5860473210958362', 'Tatiane Batista', '05/29', '943'),
(7, '5603560356035603', 'Ana Magalhães', '06/31', '573');

insert into tb_endereco_cliente (cliente_id, cep, numero, ponto_referencia, complemento)
values (1, '44056344', '123', 'Próximo à Praça', 'Bloco A'),
(2, '44001192', '456', 'Perto do Parque', 'Apto 302'),
(3, '44056344', '123', 'Próximo à Praça', 'Bloco A'),
(4, '44006344', '1011', 'Em frente à Escola', 'Andar 2'),
(5, '44006430', '1213', 'No final da Rua', 'Fundos'),
(6, '44067162', '1415', 'Próximo ao Hospital', 'Apto 101'),
(7, '44056344', '1617', 'Na esquina da Av. Principal', 'Casa Amarela'),
(8, '44091548', '1819', 'Ao lado do Banco', 'Bloco B'),
(9, '44023468', '2021', 'Perto da Praia', 'Casa Azul'),
(10,'44052004', '2223', 'Em frente ao Parque', 'Apto 202'),
(1, '44091548', '2425', 'Próximo à Praça', 'Bloco C'),
(3, '44056344', '2627', 'Ao lado do Mercado', 'Casa Amarela');

insert into tb_estabelecimento (categoria_estabelecimento_id, cnpj, razao_social, nome_fantasia, descricao, email, nota) 
values (11, '12345678901234', 'Restaurante Sabor Ltda.', 'Sabor Gourmet', 'Especializado em culinária internacional', 'restaurgourmt@gmail.com', 4.5),
(1, '23456789012345', 'Pizzaria Paradiso S/A', 'Pizza Paradiso', 'Variedade de pizzas com ingredientes frescos', 'paradizopizza@gmail.com', 4.2),
(2, '34567890123456', 'Lanchonete Delícia EIRELI', 'Lanches Delícia', 'Lanches rápidos e deliciosos', 'delicialanches@hotmail.com', 4.0),
(5, '45678901234567', 'Cafeteria Aroma Ltda.', 'Aroma do Café', 'Cafés especiais e bolos artesanais', 'aromacafe@hotmail.com', 4.8),
(6, '56789012345678', 'Churrascaria Pampa S/A', 'Pampa Grill', 'Carnes nobres e rodízio de qualidade', 'pampagrillchurr@yahoo.com', 4.7),
(7, '67890123456789', 'Comida Chinesa Oriente EIRELI', 'Sabores do Oriente', 'Autêntica comida chinesa', 'sobresoriente@ehotmail.com', 4.4),
(8, '78901234567890', 'Confeitaria Morango Ltda.', 'Confeitaria da Moranguinho', 'Doces finos e bolos sob encomenda', 'confeitariamorangO@gmail.com', 4.6),
(9, '89012345678901', 'Saudável Sempre S/A', 'Fit Food', 'Opções saudáveis e refeições balanceadas', 'fitfood@outlook.com', 4.3),
(10, '90123456789012', 'Espetinhos Sabor LTDA.', 'Sabor nos Palitos', 'Espetinhos saborosos e variados', 'saborpalitos@yahoo.com', 4.1),
(12, '01234567890123', 'Restaurante Bistrô EIRELI', 'Contemporâneo Bistrô', 'Culinária contemporânea e ambiente sofisticado', 'contemporaneobistro@gmail.com', 4.9);

insert into tb_estabelecimento_endereco (estabelecimento_id, cep, numero, ponto_referencia, complemento) 
values (8, '44001192', '123', 'Próximo à Praça', 'Loja verde'),
(5, '44052004', '456', 'Perto do Parque', 'Andar 10'),
(7, '44056232', '789', 'Ao lado do Mercado', 'Casa Laranja'),
(10, '44001192', '1011', 'Em frente à Escola', 'Andar 2'),
(3, '44052004', '1213', 'No final da Rua', 'Fundos'),
(6, '44056232', '1415', 'Próximo ao Hospital', 'Andar 6'),
(2, '44056344', '1617', 'Na esquina da Av. Principal', 'Casa Amarela'),
(1, '44052004', '1819', 'Ao lado do Banco', 'Loja azul ciano'),
(4, '44056232', '2021', 'Perto da Farmácia Drogasil', 'Loja Marrom'),
(9, '44001192', '2223', 'Em frente ao Parque', 'Andar 13');

insert into tb_contato_estabelecimento (estabelecimento_id, contato) 
values (7, '75987654321'),
(6, '75976543210'),
(10, '75965432109'),
(4, '75987654321'),
(1, '75976543210'),
(9, '75965432109'),
(2, '75987654321'),
(5, '75976543210'),
(3, '75965432109'),
(8, '75987654321');

insert into tb_horario_funcionamento (estabelecimento_id, dia_id, horario_inicio, horario_fim, almoco)
values (1, 1, '10:30:00', '22:00:00', 1),
(1, 2, '11:00:00', '22:00:00', 1),
(1, 3, '11:00:00', '22:00:00', 1),
(1, 4, '10:30:00', '23:30:00', 1),
(1, 5, '11:00:00', '21:30:00', 1),
(1, 6, '11:00:00', '22:30:00', 1),
(1, 7, '10:30:00', '22:30:00', 1),
(2, 1, '18:00:00', '23:00:00', 0),
(2, 2, '18:00:00', '23:00:00', 0),
(2, 3, '18:00:00', '23:00:00', 0),
(2, 4, '18:00:00', '23:00:00', 0),
(2, 5, '18:00:00', '00:00:00', 0),
(2, 6, '16:00:00', '00:00:00', 0),
(2, 7, '16:00:00', '22:00:00', 0),
(3, 1, '07:00:00', '21:00:00', 1),
(3, 2, '07:00:00', '21:00:00', 1),
(3, 3, '07:00:00', '21:00:00', 1),
(3, 4, '07:00:00', '21:00:00', 1),
(3, 5, '07:00:00', '21:00:00', 1),
(3, 6, '08:00:00', '22:00:00', 1),
(3, 7, '08:00:00', '20:00:00', 1),
(4, 1, '12:00:00', '22:30:00', 1),
(4, 2, '12:00:00', '22:30:00', 1),
(4, 3, '12:00:00', '22:30:00', 1),
(4, 4, '12:00:00', '22:30:00', 1),
(4, 5, '12:00:00', '22:30:00', 1),
(4, 6, '12:00:00', '22:30:00', 1),
(4, 7, '12:00:00', '22:30:00', 1),
(5, 1, '08:00:00', '17:00:00', 1),
(5, 2, '08:00:00', '17:00:00', 1),
(5, 3, '08:00:00', '17:00:00', 1),
(5, 4, '08:00:00', '17:00:00', 1),
(5, 5, '08:00:00', '17:00:00', 1),
(5, 6, '08:00:00', '17:00:00', 1),
(5, 7, '08:00:00', '17:00:00', 1),
(6, 1, '11:00:00', '22:30:00', 1),
(6, 2, '11:00:00', '22:30:00', 1),
(6, 3, '11:00:00', '22:30:00', 1),
(6, 4, '11:00:00', '22:30:00', 1),
(6, 5, '11:00:00', '22:30:00', 1),
(6, 6, '11:00:00', '22:30:00', 1),
(6, 7, '11:00:00', '17:00:00', 1),
(7, 1, '11:00:00', '14:30:00', 0),
(7, 2, '11:00:00', '14:30:00', 0),
(7, 3, '11:00:00', '14:30:00', 0),
(7, 4, '18:00:00', '22:00:00', 0),
(7, 5, '18:00:00', '22:00:00', 0),
(7, 6, '18:00:00', '22:00:00', 0),
(7, 7, '11:00:00', '14:30:00', 0),
(8, 1, '09:00:00', '18:30:00', 1),
(8, 2, '09:00:00', '18:30:00', 1),
(8, 3, '09:00:00', '18:30:00', 1),
(8, 4, '09:00:00', '18:30:00', 1),
(8, 5, '09:00:00', '18:30:00', 1),
(8, 6, '09:00:00', '18:30:00', 1),
(8, 7, '09:00:00', '17:30:00', 1),
(9, 1, '08:00:00', '19:00:00', 1),
(9, 2, '08:00:00', '19:00:00', 1),
(9, 3, '08:00:00', '19:00:00', 1),
(9, 4, '08:00:00', '19:00:00', 1),
(9, 5, '08:00:00', '19:00:00', 1),
(9, 6, '09:00:00', '19:00:00', 1),
(9, 7, '09:00:00', '19:00:00', 1),
(10, 1, '11:30:00', '15:00:00', 0),
(10, 2, '11:30:00', '15:00:00', 0),
(10, 3, '11:30:00', '15:00:00', 0),
(10, 4, '11:30:00', '19:30:00', 0),
(10, 5, '19:30:00', '23:00:00', 0),
(10, 6, '19:30:00', '23:00:00', 0),
(10, 7, '11:30:00', '15:00:00', 0);

insert into tb_pedido (endereco_cliente_id, estabelecimento_id, cliente_id, status_id, data_hora_solicitacao, data_hora_entrega, total, desconto)
values (12, 3, 3, 9, '2023-11-01 18:30:00', '2023-11-01 19:15:00', 55.00, NULL),
(9, 10, 9, 9, '2023-11-02 13:45:00', '2023-11-02 14:17:00', 47.00, NULL),
(4, 2, 4, 9, '2023-11-03 20:00:00', '2023-11-03 21:00:00', 26.00, NULL),
(1, 1, 1, 9, '2023-11-04 19:15:00', '2023-11-04 20:00:00', 50.00, NULL),
(8, 9, 8, 9, '2023-11-05 15:30:00', '2023-11-05 16:15:00', 20.00, 10.00),
(6, 2, 6, 10, '2023-11-06 22:00:00', NULL, 18.00, NULL),
(2, 7, 2, 9, '2023-11-07 18:45:00', '2023-11-07 19:30:00', 40.00, NULL),
(11, 6, 1, 9, '2023-11-08 14:20:00', '2023-11-08 15:00:00', 45.00, NULL),
(10, 8, 10, 9, '2023-11-09 15:00:00', '2023-11-09 15:45:00', 40.50, 10.00),
(5, 9, 5, 10, '2023-11-10 17:30:00', NULL, 38.50, NULL);

insert into tb_pedido_historico (pedido_id, status_id, data_hora)
values (1, 9, '2023-11-01 19:15:00'),
(2, 9, '2023-11-02 14:17:00'),
(3, 9, '2023-11-03 21:00:00'),
(4, 9, '2023-11-04 20:00:00'),
(5, 9, '2023-11-05 16:15:00'),
(6, 10, '2023-11-06 22:00:00'),
(7, 9, '2023-11-07 19:30:00'),
(8, 9, '2023-11-08 15:00:00'),
(9, 9, '2023-11-09 15:45:00'),
(10, 10, '2023-11-10 17:30:00');

insert into tb_pagamento (pedido_id, cartao_id, codigo_promo, valor, data_hora)
values (1, 12, NULL, 55.00, '2023-11-01 19:15:00'),
(2, 9, NULL, 47.00, '2023-11-02 14:17:00'),
(3, 4, NULL, 26.00, '2023-11-03 21:00:00'),
(4, 11, NULL, 50.00, '2023-11-04 20:00:00'),
(5, NULL, 'FREESHIP', 20.00, '2023-11-05 16:15:00'),
(6, 6, NULL, 18.00, '2023-11-06 22:00:00'),
(7, 2, NULL, 32.00, '2023-11-07 19:30:00'),
(8, 2, NULL, 45.00, '2023-11-08 15:00:00'),
(9, 1, 'FRETEGRATIS20', 40.50, '2023-11-09 15:45:00'),
(10, 5, NULL, 38.50, '2023-11-10 17:30:00');

insert into tb_cardapio (categoria_cardapio_id, estabelecimento_id, nome)
values (1, 1, 'Entradas'),
(2, 1, 'Pratos Principais'),
(11, 1, 'Bebidas'),
(6, 2, 'Pizzas'),
(9, 2, 'Sobremesas'),
(11, 2, 'Bebidas'),
(5, 3, 'Sanduíches'),
(7, 3, 'Hambúrgueres'),
(11, 3, 'Bebidas'),
(3, 4, 'Tortas'),
(10, 4, 'Cafés'),
(9, 4, 'Sobremesas'),
(2, 5, 'Pratos Principais'),
(1, 5, 'Entradas'),
(11, 5, 'Bebidas'),
(17, 6, 'Yakisoba'),
(16, 6, 'Hot Rolls'),
(11, 6, 'Bebidas'),
(10, 7, 'Cafés'),
(9, 7, 'Sobremesas'),
(11, 7, 'Bebidas'),
(8, 8, 'Saladas'),
(4, 8, 'Vegetariano/Vegano'),
(5, 8, 'Sanduíches'),
(12, 9, 'Espetinhos'),
(11, 9, 'Bebidas'),
(13, 9, 'Petiscos'),
(2, 10, 'Pratos Principais'),
(11, 10, 'Bebidas'),
(9, 10, 'Sobremesas');

insert into tb_item_cardapio (cardapio_id, categoria_item_id, nome, preco_unitario, descricao, observacoes)
values (28, 2, 'Filé Mignon ao Molho de Vinho', 45.00, 'Filé mignon grelhado ao molho', 'Molho de vinho tinto e batatas gratinadas'),
(16, 7, 'Yakisoba Clássico', 28.50, 'Macarrão', 'Macarrão, legumes e frango no wok'),
(10, 3, 'Torta de Frango Cremosa', 20.00, 'Torta', 'Massa leve com recheio cremoso'),
(8, 7, 'Hambúrguer Gourmet', 22.00, 'Sanduíches', 'Carne suculenta com queijo especial'),
(25, 12, 'Medalhão de Frango', 18.50, 'Carnes', 'Frangos envoltos em Bacon grelhados'),
(22, 8, 'Salada Caesar com Frango', 15.00, 'Saladas', 'Alface, frango grelhado, croutons e molho Caesar'),
(4, 6, 'Pizza Paradiso', 35.00, 'Pizza', 'Frutas tropicais, queijo brie e toque de pimenta.'),
(13, 2, 'Cupim e Calabresa Assados', 40.00, 'Prato Principal', 'Acompanha arroz, feijão tropeiro e vinagrete'),
(2, 2, 'Majestoso Risoto', 40.50, 'Prato Principal', 'Com vegetais frescos e molho especial'),
(20, 9, 'Cupcake de Chocolate', 8.00, 'Sobremesa', 'Cobertura de chocolate e recheio cremoso');

insert into tb_item_pedido (pedido_id, item_cardapio_id, quantidade, observacao)
values (10, 2, 1, 'Sem cebola, por favor'),
(1, 1, 1, NULL),
(3, 6, 1, NULL),
(4, 8, 1, 'Ponto da carne: mal passada'),
(8, 7, 1, 'Capricha no recheio, por favor'),
(6, 10, 1, NULL),
(5, 3, 1, NULL),
(9, 9, 1, 'Sem cogumelos, por favor'),
(7, 4, 1, 'Adicionar bacon extra'),
(2, 5, 2, 'Ponto da carne: bem passada');